{
   "R2": 0.9405532060249475,
   "Accuracy": 0.5518672199170125
}