{
   "R2": 0.9392629817166854,
   "Accuracy": 0.5062761506276151
}