{
   "R2": 0.8403930566760789,
   "Accuracy": 0.532258064516129
}